Michael,663690
Christopher,554859
Matthew,458955
Joshua,396570
David,383677
James,356428
Daniel,345478
Robert,321655
John,321111
Joseph,299417
Jason,292074
Justin,289784
Andrew,285075
Ryan,278916
William,248270
Brian,233994
Brandon,232195
Jonathan,229939
Nicholas,223311
Anthony,211820
Eric,204239
Adam,195070
Kevin,188679
Thomas,177781
Steven,177431
Timothy,172831
Richard,154741
Jeremy,153419
Jeffrey,144796
Kyle,141937
Benjamin,141369
Aaron,138362
Charles,131878
Mark,129407
Jacob,124228
Stephen,113609
Patrick,111401
Scott,108170
Nathan,105983
Paul,104374
Sean,103849
Travis,102924
Zachary,101834
Dustin,97319
Gregory,93659
Kenneth,89130
Jose,86603
Tyler,86446
Jesse,85913
Alexander,81983
Bryan,80495
Samuel,73429
Derek,72908
Bradley,69351
Chad,69060
Shawn,65587
Edward,60815
Jared,60291
Cody,60264
Jordan,57148
Peter,56692
Corey,53611
Keith,52637
Marcus,51785
Juan,51417
Donald,50845
Ronald,46667
Phillip,45700
George,45694
Cory,44357
Joel,43559
Shane,43164
Douglas,41752
Antonio,41607
Raymond,41509
Carlos,41480
Brett,41281
Gary,40231
Alex,38693
Nathaniel,38644
Craig,38098
Ian,37780
Luis,37422
Derrick,36346
Erik,36337
Casey,35975
Philip,35711
Frank,33587
Evan,32477
Gabriel,32314
Victor,32272
Vincent,32040
Austin,31284
Larry,31284
Brent,31281
Seth,31130
Wesley,31087
Dennis,30465
Todd,30334
Christian,30254
Curtis,29896
Jeffery,29577
Randy,29514
Jeremiah,28331
Adrian,28133
Jesus,27379
Luke,27038
Alan,26812
Trevor,26689
Russell,26652
Mario,26391
Lucas,26080
Jerry,25755
Miguel,25540
Carl,25462
Blake,25398
Cameron,24597
Troy,24542
Mitchell,24536
Tony,24488
Shaun,24470
Terry,24158
Johnny,23494
Martin,23221
Ricardo,23085
Bobby,22022
Allen,21905
Johnathan,21896
Jorge,21719
Devin,21702
Andre,21590
Henry,20719
Billy,20652
Caleb,20636
Marc,20521
Garrett,20477
Ricky,20155
Francisco,20074
Kristopher,20068
Danny,20011
Manuel,19981
Lee,19783
Lawrence,19637
Jonathon,19581
Jimmy,19524
Lance,19451
Taylor,19413
Randall,19327
Micheal,18734
Mathew,18621
Albert,18503
Jamie,18411
Isaac,18360
Roger,17998
Rodney,17869
Roberto,17815
Jon,17704
Colin,17664
Walter,17566
Clinton,17532
Louis,17352
Clayton,16925
Willie,16893
Arthur,16786
Chase,16555
Joe,16509
Jack,15916
Jay,15815
Angel,15795
Calvin,15782
Ross,15712
Darren,15694
Oscar,15650
Drew,15586
Maurice,15575
Gerald,15511
Alejandro,15302
Spencer,15179
Hector,15099
Ruben,14847
Wayne,14743
Brendan,14591
Grant,14516
Javier,14479
Bruce,14334
Roy,14298
Dylan,14168
Logan,13987
Edwin,13904
Omar,13677
Brad,13581
Reginald,13498
Fernando,13189
Darrell,13165
Sergio,13143
Frederick,13056
Julian,12925
Jaime,12848
Jermaine,12804
Geoffrey,12729
